id,reference,nom,famille,actions
055da13a-91d6-4b22-a636-3739b9402580,211062,Ampoule navette 6 V 3 W,Accessoires électriques,Prix public à renseigner / confirmer
0f306e10-0f2a-44bb-baa9-2fb510221a60,211056,"Ampoule miniature 1,5 V 0,07 A",Accessoires électriques,Prix public à renseigner / confirmer
5c75498f-4eb5-4743-9064-1c16996bb589,211063,"Voyant lumineux orange de signalisation pour panneau, tension à confirmer",Accessoires électriques,Prix public à renseigner / confirmer
6668340e-315d-49c3-b017-e2823d1c4485,211061,"Ampoule navette 5 W, tension à confirmer (source notée 64)",Accessoires électriques,Prix public à renseigner / confirmer
80f2bed4-de31-4d20-b45c-916692e798af,211055,"Ampoule miniature 1,2 V 0,22 A à culot vissé",Accessoires électriques,Prix public à renseigner / confirmer
839de54c-aebc-478b-9e0d-9095e7800b5a,211059,"Ampoule miniature 3,6 V 3 W",Accessoires électriques,Prix public à renseigner / confirmer
b0518e4e-4f6b-41dc-80ee-a32f12086775,211052,"Voyant lumineux rouge de panneau avec deux fils, tension à confirmer",Accessoires électriques,Prix public à renseigner / confirmer
b3400fd4-55b6-4b2a-b381-97ee9e858a3e,211060,"Ampoule miniature 4 V 0,05 A à culot tubulaire",Accessoires électriques,Prix public à renseigner / confirmer
bc42f927-87f2-4a57-a9bc-eaa8d98cead3,211058,Ampoule LED NINETY-NINE 15 W à culot E27,Accessoires électriques,Prix public à renseigner / confirmer
bcaab553-b220-47b5-a2ee-4eb590c1cbfa,211053,"Ampoule miniature tubulaire 5 V à culot métallique, format long petit modèle",Accessoires électriques,Prix public à renseigner / confirmer
c0b47b00-060f-4a88-bc08-fa06917cc998,211051,Ampoule témoin filaire pour régulateur de tension,Accessoires électriques,Prix public à renseigner / confirmer
e32f1794-c744-470d-8172-5b0034868a48,211057,Ampoule automobile 12 V 21 W,Accessoires électriques,Prix public à renseigner / confirmer
fcef0972-c0c1-4e51-a767-2ce595ca50c9,211054,Ampoule miniature transparente à culot wedge AG236,Accessoires électriques,Prix public à renseigner / confirmer
01f94bf6-72d3-4bbd-9aa9-dc9369564bcd,233095,Chargeur TEKA 24 V 3 A,Chargeurs & Power Banks,Prix public à renseigner / confirmer
06089205-4c9c-40a3-aa90-7fb51e7faa1a,233073,Chargeur secteur 12 V 3 A,Chargeurs & Power Banks,Prix public à renseigner / confirmer
07964e13-c2e8-49f0-a45d-0b5455271802,233089,"Chargeur LG 12 V 1,5 A",Chargeurs & Power Banks,Prix public à renseigner / confirmer
07f64df2-3a80-443e-91a4-32fee3ca7207,233080,Chargeur secteur 9 V 6 A,Chargeurs & Power Banks,Prix public à renseigner / confirmer
0df7784e-c52f-409f-9f1f-e0f77cb29ae7,233083,"Chargeur pour ordinateur portable Dell 65 W, 19,5 V, 3,34 A, DP/N 0FPC2Y",Chargeurs & Power Banks,Prix public à renseigner / confirmer
1103ee00-0c30-4a54-952c-e2121c58c364,233088,"Chargeur Lenovo 20 V 3,25 A à embout rond jaune",Chargeurs & Power Banks,Prix public à renseigner / confirmer
3fcc5bce-7de7-4acd-8859-970b579d6986,227004,Caméra de surveillance DCL Turbo HD réglable 3 axes IP66,Informatique & Réseaux,Prix public à renseigner / confirmer
54f926cb-ad0b-4b38-977d-7a8205515c33,000539,Clé USB Speedar 2 Go argentée,Informatique & Réseaux,Prix public à renseigner / confirmer
a01c4869-bbeb-47ae-a43d-7928cfc21810,237097,"Câble réseau RJ45 serti, 6 m",Informatique & Réseaux,Prix public à renseigner / confirmer
af1ed5ae-e52e-466c-93d5-33d75c03678b,227005,Caméra de surveillance dôme DCL Turbo HD réglable 3 axes,Informatique & Réseaux,Prix public à renseigner / confirmer
bfb4761f-8999-4322-8410-648c0a48d92c,237113,Extendeur HDMI 60 m Full HD 1080p par câble réseau,Informatique & Réseaux,Prix public à renseigner / confirmer
05175fab-8e98-4562-bd68-9cb52ba1fefc,000671,Voltmètre numérique AC 70–500 V à affichage LED,Mesure & Test,Prix public à renseigner / confirmer
0ece739d-327a-4d52-a1bf-4f6e3d6ed836,0000676,"Voltmètre analogique encastrable 0–300 V AC, petit modèle",Mesure & Test,Prix public à renseigner / confirmer
1a7c35d0-b94a-4ba4-94e2-c59e00559a01,0000677,Voltmètre analogique de panneau 0–300 V AC,Mesure & Test,Prix public à renseigner / confirmer
6882245b-047a-48dd-a98b-95be0ebd2eed,000670,Indicateur numérique DC encastrable avec jauge de batterie,Mesure & Test,Prix public à renseigner / confirmer
8e8b6356-0ceb-409e-9b24-b15a825d731a,0000675,"Voltmètre analogique encastrable 0–300 V AC, grand modèle",Mesure & Test,Prix public à renseigner / confirmer
964a487f-8844-4c82-ae04-7b4ded62a0db,237109,"Jeu de cordons de multimètre 3012, 10 A, rouge et noir",Mesure & Test,Prix public à renseigner / confirmer
aa053538-7dda-4ece-8410-f2c72678cfca,000598,Multimètre numérique SD9206A,Mesure & Test,Prix public à renseigner / confirmer
09f42ab4-076d-4fa7-9113-bb9c361dfc12,000603,Pile bouton DOMSEM CR1620 3 V,Piles & Batteries,Prix public à renseigner / confirmer
0ddf14ea-8862-4f52-8410-27ad30a25c75,000604,Pile bouton Tianqiu CR1620 3 V,Piles & Batteries,Prix public à renseigner / confirmer
41af898b-bd5a-4725-b82d-02405ed73e6b,000607,"Pile Huahong R20S, format D 1,5 V",Piles & Batteries,Prix public à renseigner / confirmer
4e150297-8476-4745-8b30-8ee9c73c05fb,000506,"Batterie rechargeable Sunca RB645 6 V 4,5 Ah",Piles & Batteries,Prix public à renseigner / confirmer
51c6ce07-0279-4f50-85aa-e11672fe70f0,000507,Batterie rechargeable Wei Sheng 4 V 800 mAh,Piles & Batteries,Prix public à renseigner / confirmer
5bbe2251-f60c-47b0-87e2-f5b089c39213,0000393,PILE TUCEBAL R20 GROS,Piles & Batteries,Prix public à renseigner / confirmer
757cd084-4f8c-452c-aa2f-e1da5186b282,000505,"Batterie rechargeable Panasonic LC-R127R2, 12 V 7,2 Ah",Piles & Batteries,Prix public à renseigner / confirmer
7f367ad4-d43c-4261-93bb-68c7be4f441e,000605,"Pile Condor R6C / AA 1,5 V",Piles & Batteries,Prix public à renseigner / confirmer
01030cec-4590-42a8-b86e-a4ba39226956,000504,Barrette LED 6 V à 6 lentilles,Satellite & TV,Prix public à renseigner / confirmer
02eae6e7-43d1-4183-9854-2dd1f7743449,000617,"Carte pompe/inverter LED pour téléviseur Samsung 40 pouces, référence à confirmer",Satellite & TV,Prix public à renseigner / confirmer; Nom long : désignation technique à clarifier
0b6c6e51-68cd-4558-8265-602beba7c9e3,000524,"Carte T-Con de contrôle d’affichage LCD, référence à confirmer",Satellite & TV,Prix public à renseigner / confirmer
0c95d78d-5907-4e90-9694-e478895eb4ca,000491,"Carte d’alimentation pour téléviseur LG 32 pouces, référence à confirmer",Satellite & TV,Prix public à renseigner / confirmer
0ce6ea56-bef7-48f3-8a33-01268095b958,0000674,"Carte mère TV Panasonic 42 pouces — HDMI, Péritel et tuner",Satellite & TV,Prix public à renseigner / confirmer
106f5ef7-4d59-42c3-b3ea-1923ddca0620,000475,Carte T-Con/pixel HV320WB-N… — référence complète à confirmer,Satellite & TV,Prix public à renseigner / confirmer
11950f72-4177-48b4-98d1-05aca3d33ec7,000526,"Carte mère LG pour téléviseur LCD 39 pouces, référence à confirmer",Satellite & TV,Prix public à renseigner / confirmer
15976d4a-af23-4da5-b1b8-a721a1685e4f,000615,"Carte Pixel / T-Con pour téléviseur Sharp 32 pouces, référence à confirmer",Satellite & TV,Prix public à renseigner / confirmer
1a504959-a1b3-4c37-91d7-3615d7877f8e,000500,"Carte d’alimentation universelle WEIYA pour téléviseur cathodique 25/29/33 pouces, 115 V",Satellite & TV,Prix public à renseigner / confirmer; Nom long : désignation technique à clarifier
22173579-47ae-46d1-9622-1b8b750f03ca,000541,"Carte mère pour téléviseur LED LG 43 pouces, référence à confirmer",Satellite & TV,Prix public à renseigner / confirmer
2a5de42b-30ea-469c-85b7-492bcfec9e71,000666,"Carte inverter de rétroéclairage pour téléviseur Vestel 32 pouces, référence à confirmer",Satellite & TV,Prix public à renseigner / confirmer; Nom long : désignation technique à clarifier
344ae36b-334c-4ecd-872f-0202f6bfcc00,215316,"Carte mère pour téléviseur LED Sony 32 pouces, référence à confirmer",Satellite & TV,Prix public à renseigner / confirmer
379d39aa-c6bf-425e-852f-9439993ac25a,000489,"Carte d’alimentation pour téléviseur LCD Grundig 43 pouces, référence à confirmer",Satellite & TV,Prix public à renseigner / confirmer; Nom long : désignation technique à clarifier
381b4562-7218-4197-aff4-a0ba6c3c0f46,000497,Carte d’alimentation pour téléviseur Philips 65 pouces,Satellite & TV,Prix public à renseigner / confirmer
3b8775f4-1bdb-4f2b-81b9-19694ea19cbd,215342,"Carte tuner pour téléviseur LCD Sony 32 pouces, référence à confirmer",Satellite & TV,Prix public à renseigner / confirmer
3cbd6646-a368-451e-8d8c-a849a8a1d8ed,215315,"Carte T-Con pour téléviseur LED/LCD, référence à confirmer",Satellite & TV,Prix public à renseigner / confirmer
498ff9df-8434-4b9f-ac42-95211852cc27,000543,"Carte mère Sony pour téléviseur 32 pouces, variante 2, référence à confirmer",Satellite & TV,Prix public à renseigner / confirmer
4c74c0fe-6187-404c-86ac-bb14970b9052,000495,"Carte d’alimentation pour téléviseur Philips 40 pouces, référence à confirmer",Satellite & TV,Prix public à renseigner / confirmer
035e4839-43b0-4f68-9f5e-ed0803725ee2,115079,"Carte amplificateur pour woofer avec façade à 3 potentiomètres, USB et télécommande",Télécommandes,Prix public à renseigner / confirmer; Nom long : désignation technique à clarifier
0a3cba48-3407-4c46-8149-a139604fc70e,215339,Télécommande générique pour carte mère de woofer,Télécommandes,Prix public à renseigner / confirmer
1c9d6d78-f175-4370-bf33-b146d6b3b6b3,268120,Télécommande pour décodeur Newmax NM-777 HD USB PVR,Télécommandes,Prix public à renseigner / confirmer
2174fac8-feae-44d1-83c5-680a12fd6948,000584,Télécommande LG cathodique 6710V00017G,Télécommandes,Prix public à renseigner / confirmer
8acd54da-df4f-4e0a-bffe-a97d7e409171,000635,Télécommande Samsung pour téléviseur cathodique AA59-00332A,Télécommandes,Prix public à renseigner / confirmer
bd1743d9-a62a-45b3-980a-525aaeb91f7b,000637,"Commutateur HDMI 4K Ultra HD, 5 entrées / 1 sortie, avec télécommande",Télécommandes,Prix public à renseigner / confirmer
d46c1693-6c35-43d3-bed8-49cadcae8be5,268121,"Télécommande universelle NewStar 14-en-1, modèle 96-E208",Télécommandes,Prix public à renseigner / confirmer
e73f7e27-9b4b-4a98-9bdb-eebb7a2d4d09,000654,"Télécommande universelle Huayu pour téléviseur LCD/LED, modèle à confirmer",Télécommandes,Prix public à renseigner / confirmer
f96dda01-b1ae-4895-b247-a54c1ab37eef,000643,"Télécommande Samsung pour téléviseur cathodique, modèle 10107N",Télécommandes,Prix public à renseigner / confirmer
01f58c2b-fa99-4a4a-9301-7770419111dc,000633,Rotor de ventilateur Grundig en aluminium,Ventilateurs,Prix public à renseigner / confirmer
05c61890-66a0-4b85-b64d-b99619644805,000659,"Ventilateur axial mince 24 V DC, 8 × 8 × 1,5 cm",Ventilateurs,Prix public à renseigner / confirmer
12f27ce5-9723-4644-b471-6e37b04571b1,000658,"Ventilateur carré 12 V DC, dimensions à confirmer",Ventilateurs,Prix public à renseigner / confirmer
243b5b89-3d12-42d8-83fd-2d8204fb9cbe,000665,Ventilateur centrifuge souffleur 12 V,Ventilateurs,Prix public à renseigner / confirmer
296e6071-bf80-45f2-8bcd-057b76f128f0,000661,"Ventilateur axial DC 5 à 12 V, 8 × 8 × 2,5 cm",Ventilateurs,Prix public à renseigner / confirmer
418966c4-4759-41c5-a476-ddcf1e45f2a6,000660,"Ventilateur axial 12 V DC, 4 × 4 × 2 cm",Ventilateurs,Prix public à renseigner / confirmer
53f9b58a-6a6c-4517-bad7-34535887a740,000657,"Ventilateur axial 12 V DC, 7 × 7 × 2,5 cm",Ventilateurs,Prix public à renseigner / confirmer
8362726d-0ef0-40d5-8735-f0395eb63822,000472,"Bague de ventilateur Canaris, moyen modèle",Ventilateurs,Prix public à renseigner / confirmer
90f6fc05-df89-45e3-a012-906f05136b0b,000663,"Ventilateur axial 24 V DC, 9 × 9 × 2 cm",Ventilateurs,Prix public à renseigner / confirmer
cca11169-e106-4ba3-b1a8-3ef777fce525,000662,"Ventilateur axial 24 V DC, 6 × 6 × 2,5 cm",Ventilateurs,Prix public à renseigner / confirmer
dc8511fb-14c0-47e7-b4ca-a92ce15e1c41,000664,"Ventirad pour processeur Intel, ventilateur 12 V avec dissipateur",Ventilateurs,Prix public à renseigner / confirmer
